,labels_test,an_prediction,predicted_perplex
0,False,False,1.1618441
1,True,False,1.1729785
2,False,False,1.2375741
3,True,False,1.0991127
4,False,False,1.001857
5,False,False,1.0631982
6,True,False,1.004743
7,False,False,1.2375741
8,False,False,1.1900773
9,False,False,1.0631982
10,False,False,1.001857
11,True,True,5.665715
12,False,False,1.4366455
13,False,False,1.2683712
14,True,True,1.8793505
15,False,False,1.1618441
16,False,False,1.1729785
17,False,False,1.4632407
18,False,False,1.2116011
19,True,False,1.2522972
20,False,False,1.2445045
21,False,False,1.2242951
22,False,False,1.2445045
23,False,False,1.4040312
24,False,False,1.2556405
25,False,False,1.2351713
26,False,True,2.4266462
27,False,False,1.2053949
28,True,True,2.1274912
29,False,False,1.3376515
30,False,False,1.1091262
31,False,False,1.1287874
32,False,False,1.1287874
33,False,False,1.3375807
34,False,False,1.1904216
35,False,False,1.3542539
36,True,True,1.6064329
37,False,False,1.1287874
38,False,False,1.1287874
39,False,False,1.3375807
40,True,True,1.6765716
41,False,False,1.1780357
42,False,False,1.0726146
43,False,False,1.0726146
44,True,False,1.3052282
45,False,False,1.1821339
46,False,False,1.158876
47,False,False,1.4536877
48,False,False,1.2670751
49,False,False,1.2013342
50,False,False,1.3376515
51,False,False,1.1904216
52,False,False,1.3542539
53,True,True,26.731703
54,False,False,1.1618441
55,False,False,1.2375741
56,False,True,1.6480455
57,False,False,1.2242951
58,False,False,1.2445045
59,False,False,1.2242951
60,False,False,1.2445045
61,False,False,1.2242951
62,False,True,1.8481215
63,False,False,1.2683712
64,False,False,1.1243845
65,False,False,1.1243845
66,False,False,1.1243845
67,False,False,1.2493482
68,False,True,1.883656
69,True,True,2.490221
70,True,True,2.163915
71,False,False,1.2013342
72,False,False,1.2670751
73,True,False,1.1715434
74,False,False,1.2013342
75,False,False,1.4784082
76,False,False,1.292466
77,False,False,1.3376515
78,False,False,1.1904216
79,False,False,1.1821339
80,False,False,1.4536877
81,False,False,1.4784082
82,False,False,1.2284926
83,False,False,1.1949334
84,False,False,1.2493482
85,False,False,1.2888074
86,False,False,1.2683712
87,False,False,1.2493482
88,False,False,1.2888074
89,False,False,1.2683712
90,False,False,1.2493482
91,False,False,1.2888074
92,True,True,1.883656
93,False,False,1.2670751
94,False,False,1.134178
95,False,True,1.7619416
96,False,False,1.2916318
97,False,False,1.2916318
98,False,True,2.2959404
99,False,False,1.2871537
100,False,False,1.2556405
101,False,True,1.6336836
102,False,False,1.2670751
103,False,False,1.2013342
104,False,False,1.4784082
105,False,False,1.198523
106,False,False,1.198523
107,True,False,1.292466
108,False,False,1.2670751
109,False,False,1.134178
110,False,False,1.2053949
111,False,False,1.2053949
112,False,False,1.533377
113,True,True,3.8596466
114,False,False,1.08954
115,False,False,1.08954
116,False,False,1.1949334
117,False,False,1.2493482
118,False,False,1.2888074
119,True,True,1.755463
120,False,False,1.1332601
121,False,False,1.198523
122,False,False,1.3977602
123,False,False,1.1821339
124,False,False,1.1091262
125,True,True,13.951079
126,False,False,1.374679
127,False,False,1.1793717
128,False,False,1.1256431
129,False,False,1.002603
130,False,False,1.001857
131,False,False,1.2440171
132,False,False,1.1559093
133,False,False,1.374679
134,True,False,1.1256431
135,False,False,1.002603
136,False,False,1.001857
137,False,False,1.1639614
138,False,False,1.4527079
139,False,False,1.1729785
140,True,True,1.9815749
141,False,False,1.2242951
142,False,False,1.3277909
143,False,False,1.1696708
144,False,False,1.211557
145,False,False,1.1475269
146,False,False,1.194592
147,False,False,1.0699373
148,False,False,1.0699373
149,False,False,1.2229152
150,False,False,1.1475269
151,True,False,1.3805236
152,False,False,1.3339782
153,False,False,1.2871537
154,False,False,1.2556405
155,False,True,1.689306
156,False,False,1.3277909
157,False,False,1.1696708
158,False,False,1.2318387
159,False,False,1.4527079
160,False,False,1.1904588
161,False,False,1.2229152
162,False,False,1.0892229
163,False,False,1.0892229
164,False,False,1.0804309
165,False,False,1.1618441
166,True,False,1.1729785
167,False,True,1.6432296
168,True,True,1.7092675
169,False,False,1.0892229
170,False,False,1.0804309
171,False,False,1.1618441
172,True,False,1.2375741
173,False,True,1.6480455
174,True,False,1.1793717
175,False,False,1.2242951
176,False,False,1.230938
177,False,False,1.1639614
178,False,False,1.1900773
179,False,True,1.676493
180,False,False,1.2445045
181,False,False,1.1793717
182,False,False,1.2242951
183,True,False,1.2522972
184,False,False,1.2445045
185,False,False,1.1660945
186,False,False,1.1370718
187,False,False,1.1639614
188,True,True,1.6480455
189,False,False,1.2242951
190,False,False,1.3277909
191,False,False,1.211557
192,False,False,1.0892229
193,True,True,3.7813792
194,False,True,2.3246472
195,False,False,1.2871537
196,True,False,1.2556405
197,False,False,1.2871537
198,False,False,1.4366455
199,False,False,1.2888074
200,False,False,1.2683712
201,False,False,1.1243845
202,False,False,1.1243845
203,True,True,1.8793505
204,False,False,1.1618441
205,False,False,1.1904588
206,False,False,1.0699373
207,False,False,1.0699373
208,False,False,1.0699373
209,False,False,1.2229152
210,True,True,1.8488818
211,False,False,1.2242951
212,False,False,1.3277909
213,False,False,1.211557
214,False,False,1.1475269
215,False,False,1.1696708
216,False,False,1.211557
217,False,False,1.0892229
218,False,False,1.1424705
219,False,False,1.1729785
220,False,False,1.2375741
221,False,False,1.1900773
222,False,False,1.0631982
223,False,False,1.001857
224,False,True,1.676493
225,False,False,1.2445045
226,False,False,1.1793717
227,False,False,1.1793717
228,False,False,1.2242951
229,False,False,1.2445045
230,False,False,1.1256431
231,False,False,1.001857
232,False,False,1.0631982
233,False,False,1.001857
234,False,False,1.0631982
235,False,False,1.002603
236,False,False,1.0041608
237,False,False,1.1311574
238,False,False,1.374679
239,True,False,1.1829852
240,False,False,1.4527079
241,False,False,1.1729785
242,False,False,1.4754119
243,False,False,1.1475269
244,False,False,1.1696708
245,False,False,1.4187713
246,False,False,1.2888074
247,False,False,1.2683712
248,False,False,1.3178289
249,True,True,1.8488818
250,False,False,1.2242951
251,False,False,1.5348893
252,False,False,1.2351713
253,False,True,2.2959404
254,False,True,1.6336836
255,False,False,1.4784082
256,True,False,1.5313009
257,False,False,1.1715434
258,False,False,1.2013342
259,True,True,2.490221
260,False,False,1.1014503
261,False,False,1.1034961
262,False,False,1.2047031
263,False,False,1.3904794
264,False,False,1.2013342
265,False,False,1.2670751
266,True,True,1.7937382
267,False,False,1.292466
268,False,False,1.4784082
269,True,True,3.8975313
270,False,False,1.1475269
271,False,False,1.1696708
272,False,False,1.2116011
273,False,False,1.2445045
274,False,False,1.1311574
275,False,False,1.374679
276,False,False,1.1311574
277,False,False,1.1559093
278,False,False,1.3192811
279,False,False,1.1370718
280,False,False,1.1639614
281,False,True,1.6480455
282,False,False,1.1311574
283,False,False,1.1559093
284,False,False,1.105459
285,False,False,1.001857
286,False,False,1.1639614
287,False,True,1.6480455
288,False,False,1.2242951
289,False,False,1.2445045
290,False,False,1.3419114
291,False,False,1.2916318
292,False,False,1.2916318
293,False,True,2.324208
294,True,False,1.1715434
295,False,False,1.1715434
296,False,False,1.2272145
297,False,False,1.1904216
298,False,False,1.1821339
299,False,False,1.4536877
300,True,False,1.2670751
301,False,False,1.134178
302,True,False,1.4778023
303,False,False,1.1904216
304,True,False,1.3542539
305,False,False,1.2047031
306,False,False,1.3542539
307,False,False,1.1435407
308,True,True,20.850737
309,True,False,1.2522972
310,False,False,1.3277909
311,True,True,1.604927
312,False,False,1.2871537
313,False,False,1.2556405
314,True,True,1.9175537
315,False,False,1.2888074
316,False,False,1.2683712
317,False,False,1.1243845
318,False,False,1.1243845
319,True,True,2.4133234
320,False,True,1.689306
321,False,False,1.3277909
322,False,False,1.211557
323,True,True,3.724511
324,False,False,1.08954
325,False,False,1.1332601
326,False,False,1.3754079
327,False,False,1.3727958
328,False,False,1.2556405
329,False,True,1.689306
330,False,False,1.2445045
331,False,False,1.2242951
332,True,False,1.3277909
333,False,False,1.1696708
334,False,False,1.1696708
335,False,False,1.194592
336,False,False,1.0699373
337,False,False,1.0699373
338,False,False,1.4402866
339,True,False,1.1696708
340,False,False,1.1696708
341,False,False,1.1696708
342,False,False,1.1696708
343,False,False,1.1696708
344,False,False,1.211557
345,True,True,3.7813792
346,False,False,1.374679
347,False,False,1.4040312
348,False,False,1.2556405
349,False,False,1.2871537
350,False,False,1.5092853
351,False,False,1.2242951
352,False,False,1.3277909
353,False,False,1.194592
354,False,False,1.0699373
355,False,False,1.0699373
356,False,False,1.2229152
357,False,False,1.0892229
358,False,False,1.1475269
359,False,False,1.1696708
360,False,False,1.1696708
361,False,False,1.211557
362,False,False,1.1475269
363,False,False,1.2116011
364,False,False,1.2445045
365,False,False,1.4040312
366,False,False,1.4366455
367,False,False,1.2888074
368,False,False,1.2888074
369,False,False,1.2683712
370,False,False,1.1243845
371,False,False,1.3178289
372,False,False,1.1475269
373,True,False,1.211557
374,False,False,1.371563
375,False,False,1.3727958
376,False,False,1.2556405
377,False,False,1.471139
378,False,False,1.374679
379,False,False,1.2242951
380,False,False,1.2445045
381,False,False,1.1793717
382,False,False,1.2242951
383,False,False,1.2445045
384,False,False,1.2242951
385,False,False,1.2445045
386,False,False,1.2242951
387,False,False,1.3277909
388,False,False,1.1696708
389,True,False,1.1696708
390,False,False,1.1696708
391,False,False,1.2116011
392,False,False,1.5348893
393,False,False,1.2351713
394,False,True,2.2959404
395,True,True,1.689306
396,False,False,1.2445045
397,False,False,1.1311574
398,False,False,1.3192811
399,False,False,1.1370718
400,False,False,1.1370718
401,False,True,1.676493
402,False,False,1.3277909
403,False,False,1.2116011
404,False,True,1.8481215
405,False,False,1.2683712
406,False,False,1.1243845
407,False,False,1.3456323
408,False,False,1.08954
409,False,False,1.08954
410,False,False,1.08954
411,False,False,1.08954
412,False,False,1.1332601
413,False,False,1.5601076
414,False,False,1.2556405
415,False,False,1.2871537
416,False,False,1.2556405
417,False,False,1.2871537
418,False,False,1.2556405
419,False,False,1.2871537
420,False,False,1.2556405
421,False,False,1.2351713
422,False,True,2.324208
423,False,False,1.2013342
424,False,False,1.2670751
425,True,True,5.1267705
426,False,False,1.1243845
427,False,False,1.2493482
428,False,False,1.5977079
429,False,False,1.1696708
430,False,False,1.211557
431,False,False,1.0804309
432,False,False,1.0699373
433,False,False,1.0699373
434,False,False,1.2229152
435,True,False,1.1475269
436,False,False,1.2116011
437,False,False,1.3277909
438,False,False,1.1696708
439,False,False,1.1696708
440,False,False,1.1696708
441,False,False,1.2116011
442,False,False,1.2445045
443,False,False,1.1660945
444,False,False,1.1639614
445,False,False,1.1900773
446,False,False,1.2440171
447,False,False,1.1559093
448,False,False,1.374679
449,False,False,1.1660945
450,False,False,1.1639614
451,False,False,1.1900773
452,False,False,1.0631982
453,False,False,1.002603
454,False,False,1.002603
455,False,False,1.0050223
456,False,False,1.374679
457,False,False,1.2242951
458,False,False,1.2445045
459,False,False,1.1311574
460,False,False,1.374679
461,False,False,1.4040312
462,False,False,1.2556405
463,False,False,1.2871537
464,True,True,1.7778493
465,False,False,1.134178
466,False,False,1.533377
467,False,False,1.5473435
468,False,False,1.2556405
469,False,False,1.2495112
470,False,True,1.626735
471,False,False,1.533377
472,False,False,1.134178
473,False,True,1.7619416
474,False,False,1.2916318
475,False,False,1.2916318
476,True,True,10.174019
477,False,False,1.292466
478,False,False,1.2670751
479,False,False,1.5473435
480,True,True,1.8862518
481,False,False,1.1243845
482,False,False,1.4386699
483,False,False,1.2116011
484,False,False,1.2445045
485,False,False,1.2242951
486,False,False,1.3277909
487,False,False,1.2116011
488,False,False,1.5348893
489,False,False,1.2351713
490,False,False,1.2916318
491,False,True,2.7724023
492,False,False,1.2242951
493,False,False,1.2445045
494,True,False,1.1660945
495,False,False,1.1639614
496,False,False,1.1900773
497,False,True,1.676493
498,False,False,1.2445045
499,False,False,1.1311574
500,False,False,1.1559093
501,False,False,1.1559093
502,False,False,1.374679
503,True,False,1.3419114
504,False,False,1.2916318
505,False,True,2.2959404
506,True,True,3.07405
507,False,False,1.1900773
508,False,False,1.1639614
509,False,False,1.1900773
510,False,False,1.1639614
511,False,False,1.4527079
512,True,True,34.14877
513,False,False,1.3542539
514,False,False,1.1780357
515,False,False,1.2316835
516,False,False,1.198523
517,False,False,1.2284926
518,True,False,1.167365
519,False,False,1.1780357
520,False,False,1.0726146
521,False,False,1.1540859
522,False,False,1.08954
523,False,False,1.08954
524,False,False,1.1949334
525,False,False,1.2493482
526,False,False,1.2683712
527,True,False,1.3178289
528,False,False,1.0892229
529,False,False,1.0892229
530,False,False,1.2020041
531,False,False,1.1243845
532,False,False,1.2493482
533,False,False,1.2888074
534,False,False,1.2888074
535,False,False,1.3727958
536,False,False,1.2556405
537,False,False,1.2871537
538,False,False,1.2556405
539,False,False,1.2871537
540,False,False,1.2556405
541,False,False,1.2871537
542,False,True,1.7778493
543,False,False,1.2013342
544,False,False,1.2670751
545,True,False,1.1825643
546,True,True,1.6187123
547,True,False,1.3542539
548,False,False,1.1780357
549,False,False,1.0726146
550,False,False,1.0726146
551,False,False,1.2316835
552,False,False,1.2284926
553,False,False,1.1332601
554,False,False,1.2675904
555,False,False,1.0726146
556,False,False,1.1034961
557,False,False,1.3939601
558,False,False,1.1332601
559,False,False,1.292466
560,False,False,1.2670751
561,False,False,1.2013342
562,False,False,1.4784082
563,False,False,1.3754079
564,False,False,1.3727958
565,False,False,1.2556405
566,False,True,1.6336836
567,False,False,1.2670751
568,False,False,1.1715434
569,False,False,1.1825643
570,True,True,1.6187123
571,True,True,1.8284812
572,False,False,1.2316835
573,False,False,1.2284926
574,False,False,1.08954
575,False,False,1.08954
576,False,False,1.08954
577,False,False,1.08954
578,False,False,1.1014503
579,False,False,1.1034961
580,False,False,1.1435407
581,False,False,1.3939601
582,False,False,1.1332601
583,False,False,1.198523
584,False,False,1.3704854
585,False,False,1.1243845
586,False,False,1.1243845
587,False,False,1.4386699
588,False,False,1.1696708
589,False,False,1.211557
590,False,False,1.2020041
591,False,False,1.1243845
592,False,False,1.1243845
593,False,False,1.3178289
594,False,False,1.0892229
595,False,False,1.0892229
596,False,False,1.0892229
597,False,False,1.1475269
598,False,False,1.211557
599,False,False,1.2020041
600,False,False,1.2493482
601,False,False,1.2683712
602,True,True,3.7409716
603,False,False,1.2013342
604,False,False,1.4784082
605,False,False,1.2675904
606,False,False,1.0726146
607,False,False,1.0726146
608,False,False,1.2316835
609,False,False,1.198523
610,False,False,1.198523
611,False,False,1.3977602
612,False,False,1.1821339
613,False,False,1.1904216
614,False,False,1.1821339
615,True,True,3.0057251
616,False,False,1.0726146
617,False,False,1.1034961
618,False,False,1.2047031
619,False,False,1.1821339
620,True,False,1.1904216
621,False,False,1.1821339
622,False,False,1.1904216
623,False,True,1.8281279
624,False,False,1.292466
625,False,False,1.2670751
626,False,False,1.2485832
627,False,False,1.3542539
628,True,False,1.2047031
629,False,False,1.3904794
630,False,False,1.134178
631,False,False,1.2053949
632,True,True,7.4650126
633,False,False,1.2242951
634,False,False,1.2445045
635,True,False,1.1660945
636,True,False,1.0631982
637,False,False,1.001857
638,True,False,1.2440171
639,False,False,1.1559093
640,False,False,1.1559093
641,False,False,1.1559093
642,False,False,1.1559093
643,False,False,1.1559093
644,False,False,1.1559093
645,False,False,1.374679
646,False,False,1.1793717
647,False,False,1.4040312
648,False,False,1.4366455
649,True,True,1.6324178
650,False,False,1.2871537
651,False,False,1.2556405
652,False,False,1.2871537
653,False,False,1.2556405
654,False,False,1.2495112
655,False,False,1.2495112
656,False,False,1.5431736
657,False,False,1.134178
658,False,False,1.533377
659,False,False,1.2485832
660,False,False,1.3542539
661,False,False,1.1780357
662,False,False,1.1540859
663,False,False,1.08954
664,False,False,1.08954
665,True,True,4.064856
666,False,False,1.533377
667,False,False,1.2013342
668,False,False,1.5934905
669,False,False,1.1780357
670,False,False,1.0726146
671,False,False,1.2316835
672,False,False,1.198523
673,False,False,1.2284926
674,False,False,1.08954
675,False,False,1.08954
676,True,True,2.163915
677,False,False,1.5473435
678,False,False,1.2556405
679,False,False,1.2871537
680,False,False,1.5092853
681,False,False,1.2242951
682,True,False,1.2522972
683,False,False,1.2445045
684,False,False,1.1311574
685,False,False,1.374679
686,False,False,1.1256431
687,False,False,1.002603
688,False,False,1.001857
689,False,False,1.2440171
690,False,False,1.374679
691,False,False,1.2242951
692,False,False,1.5348893
693,False,False,1.2871537
694,False,False,1.2556405
695,False,False,1.2871537
696,False,False,1.2556405
697,False,False,1.2495112
698,False,False,1.471139
699,False,False,1.374679
700,False,False,1.2242951
701,False,False,1.230938
702,False,False,1.1639614
703,False,False,1.1900773
704,False,False,1.463579
705,False,False,1.2242951
706,False,False,1.3277909
707,False,False,1.211557
708,False,False,1.1475269
709,False,False,1.1696708
710,True,False,1.2318387
711,False,False,1.1900773
712,False,False,1.1639614
713,True,True,2.1134229
714,False,False,1.2116011
715,False,False,1.2445045
716,False,False,1.1311574
717,False,False,1.374679
718,False,False,1.2242951
719,False,False,1.5348893
720,False,False,1.2871537
721,False,False,1.2556405
722,False,True,1.6336836
723,False,False,1.2670751
724,False,False,1.134178
725,False,False,1.2027229
726,False,False,1.1287874
727,False,False,1.1287874
728,False,False,1.3375807
729,False,False,1.158876
730,False,False,1.1091262
731,True,True,13.951079
732,False,False,1.1559093
733,False,False,1.1559093
734,False,False,1.105459
735,False,False,1.001857
736,False,False,1.1639614
737,False,True,1.6480455
738,True,False,1.2242951
739,False,False,1.3277909
740,False,False,1.4159166
741,False,False,1.2493482
742,False,False,1.2888074
743,False,False,1.5977079
744,False,False,1.211557
745,False,False,1.0892229
746,False,False,1.0804309
747,False,False,1.1618441
748,False,False,1.1729785
749,False,False,1.4632407
750,False,False,1.2116011
751,False,False,1.2445045
752,False,False,1.2242951
753,False,False,1.3277909
754,False,False,1.2116011
755,False,False,1.5348893
756,False,False,1.2495112
757,False,False,1.2871537
758,False,False,1.2556405
759,False,False,1.2871537
760,False,False,1.2556405
761,True,True,1.6336836
762,True,False,1.2670751
763,False,False,1.2013342
764,False,False,1.2670751
765,False,False,1.2013342
766,False,False,1.2670751
767,True,False,1.5473435
768,True,False,1.2556405
769,False,False,1.2871537
770,True,True,1.6003377
771,False,False,1.3277909
772,False,False,1.2116011
773,False,False,1.3277909
774,False,False,1.1696708
775,False,False,1.2116011
776,False,False,1.5348893
777,False,False,1.2351713
778,False,False,1.2916318
779,False,True,2.4266462
780,False,False,1.533377
781,True,False,1.134178
782,False,True,1.7619416
783,False,False,1.2916318
784,False,False,1.2916318
785,False,True,2.307658
786,False,False,1.1559093
787,False,False,1.374679
788,False,False,1.2242951
789,True,False,1.2522972
790,False,False,1.3277909
791,False,False,1.1696708
792,False,False,1.1696708
793,True,False,1.211557
794,False,False,1.0804309
795,False,False,1.0699373
796,False,False,1.0699373
797,False,False,1.2229152
798,False,False,1.0892229
799,False,False,1.0892229
800,False,False,1.0804309
801,False,False,1.0699373
802,False,False,1.0699373
803,True,False,1.2229152
804,False,False,1.1475269
805,False,False,1.1696708
806,False,False,1.2116011
807,False,False,1.2445045
808,False,False,1.2242951
809,False,False,1.5348893
810,True,False,1.2351713
811,False,True,2.2959404
812,False,True,1.689306
813,False,False,1.2445045
814,False,False,1.2242951
815,False,False,1.2445045
816,False,False,1.2242951
817,False,False,1.3277909
818,False,False,1.4984378
819,False,False,1.4366455
820,False,False,1.2683712
821,False,False,1.3456323
822,False,False,1.1332601
823,False,False,1.198523
824,False,False,1.5601076
825,False,False,1.2556405
826,False,False,1.2351713
827,True,True,4.957741
828,False,False,1.3375807
829,False,False,1.1904216
830,True,False,1.1821339
831,False,False,1.1091262
832,False,False,1.3375807
833,False,False,1.1904216
834,False,False,1.1821339
835,False,False,1.158876
836,True,False,1.4536877
837,False,False,1.2670751
838,True,True,1.7937382
839,False,False,1.5601076
840,False,False,1.2556405
841,False,False,1.2871537
842,False,True,1.8934512
843,False,False,1.211557
844,False,False,1.0892229
845,False,False,1.0804309
846,False,False,1.0699373
847,False,False,1.0699373
848,True,True,13.970256
849,False,False,1.08954
850,False,False,1.08954
851,False,False,1.08954
852,False,False,1.1332601
853,False,False,1.198523
854,False,False,1.2604748
855,False,False,1.1780357
856,True,False,1.1034961
857,False,False,1.1780357
858,False,False,1.0726146
859,False,False,1.1034961
860,False,False,1.4001392
861,False,False,1.198523
862,False,False,1.292466
863,False,False,1.5934905
864,False,False,1.2047031
865,False,False,1.3542539
866,False,False,1.2047031
867,True,False,1.1821339
868,False,False,1.158876
869,False,False,1.1904216
870,False,False,1.3542539
871,False,False,1.1435407
872,False,False,1.1435407
873,True,True,1.6064329
874,False,False,1.3375807
875,False,False,1.1904216
876,False,False,1.1821339
877,False,False,1.1904216
878,False,False,1.3904794
879,False,False,1.1715434
880,False,False,1.134178
881,False,False,1.4778023
882,False,False,1.1091262
883,False,False,1.3375807
884,False,False,1.1904216
885,True,True,1.8284812
886,False,False,1.0726146
887,False,False,1.1034961
888,False,False,1.1435407
889,False,False,1.1435407
890,False,False,1.2047031
891,False,False,1.3542539
892,False,False,1.1780357
893,False,False,1.0726146
894,False,False,1.1034961
895,False,False,1.1435407
896,False,False,1.3939601
897,False,False,1.1332601
898,False,False,1.198523
899,False,False,1.2604748
900,False,False,1.1435407
901,False,False,1.1435407
902,False,False,1.2047031
903,False,False,1.1821339
904,False,False,1.1904216
905,False,False,1.1821339
906,False,False,1.1091262
907,False,False,1.1287874
908,False,False,1.3375807
909,False,False,1.1904216
910,False,False,1.1821339
911,False,False,1.158876
912,False,False,1.1904216
913,False,False,1.3542539
914,False,False,1.1780357
915,False,False,1.0726146
916,False,False,1.0726146
917,False,False,1.0726146
918,False,False,1.0726146
919,False,False,1.1034961
920,False,False,1.3939601
921,True,False,1.5079873
922,False,False,1.4784082
923,False,False,1.198523
924,False,False,1.292466
925,False,False,1.2670751
926,False,False,1.2013342
927,False,False,1.4784082
928,False,False,1.292466
929,False,False,1.3376515
930,False,False,1.1904216
931,False,False,1.1821339
932,False,False,1.158876
933,False,False,1.1904216
934,False,False,1.1821339
935,False,False,1.4536877
936,False,False,1.2670751
937,False,False,1.2013342
938,False,True,2.0358744
939,False,False,1.2683712
940,False,False,1.2493482
941,False,False,1.2888074
942,False,False,1.2683712
943,False,False,1.1243845
944,False,False,1.3456323
945,False,False,1.1332601
946,False,False,1.198523
947,False,False,1.2604748
948,False,False,1.1435407
949,False,False,1.1435407
950,False,False,1.3939601
951,False,False,1.08954
952,False,False,1.1332601
953,False,False,1.3754079
954,False,False,1.3727958
955,False,False,1.4366455
956,False,False,1.5584939
957,False,False,1.1475269
958,False,False,1.211557
959,False,False,1.371563
960,False,False,1.2888074
961,False,False,1.2888074
962,False,False,1.2888074
963,False,False,1.2683712
964,False,False,1.1243845
965,False,False,1.3456323
966,False,False,1.08954
967,False,False,1.08954
968,False,False,1.1014503
969,False,False,1.0726146
970,False,False,1.0726146
971,False,False,1.1540859
972,False,False,1.08954
973,False,False,1.08954
974,False,False,1.1014503
975,False,False,1.0726146
976,False,False,1.0726146
977,False,False,1.1540859
978,False,False,1.08954
979,False,False,1.08954
980,False,False,1.08954
981,False,False,1.08954
982,False,False,1.08954
983,False,False,1.08954
984,False,False,1.08954
985,False,False,1.1332601
986,False,False,1.5601076
987,False,False,1.4366455
988,False,False,1.3727958
989,False,False,1.5092853
990,False,False,1.2242951
991,False,False,1.2445045
992,False,False,1.1793717
993,False,False,1.2242951
994,False,False,1.2445045
995,False,False,1.1793717
996,False,False,1.1311574
997,False,False,1.374679
998,True,False,1.1829852
999,False,False,1.1900773
1000,False,False,1.1639614
1001,False,True,2.1134229
1002,False,False,1.1696708
1003,False,False,1.211557
1004,False,False,1.2020041
1005,False,False,1.2493482
1006,False,False,1.3727958
1007,False,True,1.8934512
1008,False,False,1.1696708
1009,False,False,1.1696708
1010,False,False,1.211557
1011,False,False,1.0892229
1012,False,False,1.0892229
1013,False,False,1.0804309
1014,False,False,1.0699373
1015,False,False,1.0699373
1016,True,False,1.1618441
1017,False,False,1.1904588
1018,False,False,1.1618441
1019,True,True,1.6432296
1020,False,False,1.2445045
1021,False,False,1.1793717
1022,True,False,1.4040312
1023,False,False,1.4366455
1024,False,False,1.2888074
1025,False,False,1.5977079
1026,False,False,1.211557
1027,False,False,1.0892229
1028,False,False,1.0804309
1029,False,False,1.0699373
1030,True,True,2.5796294
1031,False,False,1.0050223
1032,False,False,1.1559093
1033,False,False,1.1559093
1034,False,True,2.3246472
1035,False,False,1.2871537
1036,False,False,1.2556405
1037,False,True,1.6336836
1038,False,False,1.4784082
1039,False,False,1.2284926
1040,True,True,2.956618
1041,False,False,1.2495112
1042,False,False,1.2871537
1043,False,True,2.0000446
1044,False,False,1.198523
1045,False,False,1.292466
1046,False,False,1.4784082
1047,False,False,1.292466
1048,True,False,1.2670751
1049,False,False,1.2013342
1050,False,False,1.2670751
1051,False,False,1.2013342
1052,False,False,1.5520374
1053,False,False,1.2495112
1054,False,False,1.2871537
1055,False,False,1.5092853
1056,False,False,1.2242951
1057,False,False,1.3277909
1058,False,False,1.211557
1059,False,False,1.0892229
1060,False,False,1.0892229
1061,True,True,1.8346729
1062,False,False,1.4366455
1063,False,False,1.2888074
1064,False,False,1.5977079
1065,True,False,1.3805236
1066,False,False,1.2242951
1067,False,False,1.3277909
1068,True,False,1.1696708
1069,False,False,1.2116011
1070,False,True,1.8481215
1071,False,False,1.3727958
1072,False,False,1.2556405
1073,True,False,1.5431736
1074,False,False,1.1715434
1075,False,False,1.2013342
1076,False,False,1.4784082
1077,False,False,1.198523
1078,False,False,1.292466
1079,True,False,1.5520374
1080,False,False,1.2871537
1081,False,False,1.4366455
1082,True,False,1.5584939
1083,False,False,1.0892229
1084,False,False,1.0892229
1085,False,False,1.371563
1086,False,False,1.3727958
1087,False,False,1.2556405
1088,False,True,1.689306
1089,False,False,1.2445045
1090,True,False,1.566316
1091,False,False,1.211557
1092,True,False,1.0892229
1093,False,False,1.0892229
1094,False,False,1.0804309
1095,False,False,1.0699373
1096,False,False,1.0699373
1097,False,False,1.2229152
1098,True,True,3.7813792
1099,False,False,1.374679
1100,False,False,1.3419114
1101,False,False,1.2916318
1102,False,True,2.2959404
1103,False,False,1.2871537
1104,False,False,1.2556405
1105,False,False,1.2871537
1106,True,True,4.1231494
1107,False,False,1.2375741
1108,False,False,1.4527079
1109,False,False,1.1729785
1110,False,False,1.1729785
1111,False,False,1.1729785
1112,False,False,1.4754119
1113,False,False,1.0892229
1114,True,False,1.3512379
1115,True,True,5.2329116
1116,False,False,1.1715434
1117,False,False,1.2013342
1118,False,False,1.5934905
1119,False,False,1.2047031
1120,False,False,1.3542539
1121,False,False,1.1780357
1122,False,False,1.0726146
1123,False,False,1.0726146
1124,False,False,1.1540859
1125,False,False,1.1332601
1126,False,False,1.292466
1127,False,False,1.5934905
1128,False,False,1.1435407
1129,False,False,1.2047031
1130,False,False,1.3904794
1131,False,False,1.1715434
1132,False,False,1.2013342
1133,False,False,1.3376515
1134,False,False,1.1904216
1135,False,False,1.3542539
1136,False,False,1.1435407
1137,False,False,1.2047031
1138,False,False,1.3542539
1139,False,False,1.5718335
1140,False,False,1.2670751
1141,False,False,1.1715434
1142,False,False,1.3763026
1143,False,False,1.2495112
1144,False,False,1.2871537
1145,False,False,1.5092853
1146,False,False,1.1311574
1147,True,False,1.374679
1148,False,False,1.1829852
1149,False,False,1.1900773
1150,False,False,1.1639614
1151,False,True,1.6480455
1152,False,False,1.2242951
1153,False,False,1.3277909
1154,False,False,1.4984378
1155,False,False,1.2556405
1156,False,False,1.2871537
1157,False,False,1.5092853
1158,False,False,1.2242951
1159,False,False,1.2445045
1160,True,True,17.02943
1161,False,False,1.1821339
1162,False,False,1.158876
1163,False,False,1.1644883
1164,False,False,1.533377
1165,False,False,1.1715434
1166,True,False,1.2618417
1167,False,False,1.2916318
1168,False,False,1.2916318
1169,True,True,2.307658
1170,False,False,1.1559093
1171,False,False,1.374679
1172,False,False,1.2242951
1173,False,False,1.2445045
1174,False,False,1.2242951
1175,False,False,1.3277909
1176,False,False,1.211557
1177,False,False,1.0892229
1178,False,False,1.371563
1179,False,False,1.2888074
1180,False,False,1.2888074
1181,False,True,1.755463
1182,False,False,1.08954
1183,False,False,1.1332601
1184,False,False,1.3754079
1185,False,False,1.2888074
1186,False,False,1.3727958
1187,True,True,1.6003377
1188,False,False,1.2445045
1189,False,False,1.1311574
1190,False,False,1.105459
1191,False,False,1.002603
1192,False,False,1.001857
1193,False,False,1.0631982
1194,False,False,1.001857
1195,False,False,1.0631982
1196,False,False,1.002603
1197,False,False,1.001857
1198,False,False,1.0631982
1199,False,False,1.0041608
1200,False,False,1.2242951
1201,False,False,1.2445045
1202,False,False,1.1829852
1203,False,False,1.1900773
1204,False,False,1.1639614
1205,True,True,4.9878464
1206,False,False,1.2871537
1207,False,False,1.2556405
1208,False,True,1.689306
1209,False,False,1.3277909
1210,False,False,1.211557
1211,False,False,1.0804309
1212,True,False,1.5085822
1213,False,False,1.1900773
1214,False,True,1.676493
1215,False,False,1.2445045
1216,False,False,1.2242951
1217,False,False,1.230938
1218,False,False,1.1639614
1219,True,False,1.0991127
1220,False,False,1.0050223
1221,False,False,1.374679
1222,False,False,1.2242951
1223,False,False,1.2445045
1224,False,False,1.1793717
1225,False,False,1.1311574
1226,False,True,1.6382171
1227,False,False,1.2916318
1228,False,False,1.2916318
1229,False,True,2.307658
1230,False,False,1.1559093
1231,False,False,1.374679
1232,False,False,1.1256431
1233,False,False,1.002603
1234,False,False,1.001857
1235,False,False,1.1639614
1236,False,False,1.4527079
1237,True,False,1.1904588
1238,False,False,1.2229152
1239,False,False,1.0892229
1240,False,False,1.0892229
1241,False,False,1.2020041
1242,False,False,1.2493482
1243,False,False,1.2683712
1244,False,False,1.3178289
1245,False,False,1.0892229
1246,False,False,1.0892229
1247,False,False,1.0804309
1248,False,False,1.0699373
1249,False,False,1.1618441
1250,False,True,1.6432296
1251,True,False,1.2522972
1252,False,False,1.2445045
1253,True,False,1.4040312
1254,False,False,1.4366455
1255,False,False,1.2888074
1256,False,False,1.3727958
1257,False,False,1.2556405
1258,False,False,1.2495112
1259,False,True,1.6336836
1260,False,False,1.4784082
1261,False,False,1.198523
1262,False,False,1.2604748
1263,False,False,1.1435407
1264,False,False,1.1435407
1265,True,False,1.1435407
1266,False,False,1.2047031
1267,False,False,1.1821339
1268,True,True,4.424975
1269,False,False,1.2556405
1270,False,False,1.2495112
1271,False,False,1.2351713
1272,False,True,2.2959404
1273,False,False,1.2351713
1274,True,True,24.75086
1275,False,False,1.08954
1276,False,False,1.1332601
1277,False,False,1.2284926
1278,False,False,1.08954
1279,False,False,1.1332601
1280,False,False,1.2604748
1281,False,False,1.1780357
1282,False,False,1.0726146
1283,False,False,1.0726146
1284,False,False,1.1034961
1285,False,False,1.1435407
1286,False,False,1.2047031
1287,False,False,1.3542539
1288,False,False,1.1780357
1289,False,False,1.0726146
1290,False,False,1.0726146
1291,False,False,1.0726146
1292,False,False,1.1540859
1293,False,False,1.1332601
1294,False,False,1.198523
1295,False,False,1.292466
1296,False,False,1.2670751
1297,False,False,1.134178
1298,False,False,1.4778023
1299,False,False,1.1904216
1300,False,False,1.1821339
1301,True,True,18.645
1302,False,False,1.2445045
1303,False,False,1.2242951
1304,True,False,1.3456901
1305,False,False,1.1729785
1306,False,False,1.1729785
1307,True,False,1.2375741
1308,False,False,1.1900773
1309,False,False,1.1639614
1310,False,False,1.1900773
1311,False,False,1.1370718
1312,False,False,1.1639614
1313,False,False,1.1900773
1314,False,False,1.1639614
1315,False,False,1.4527079
1316,False,True,1.6432296
1317,False,False,1.3277909
1318,False,False,1.211557
1319,False,False,1.0804309
1320,False,False,1.1618441
1321,False,False,1.2375741
1322,False,True,1.6480455
1323,False,False,1.2242951
1324,False,False,1.3277909
1325,True,False,1.5076102
1326,False,False,1.002603
1327,False,False,1.002603
1328,True,False,1.0277637
1329,False,False,1.1618441
1330,False,False,1.1904588
1331,False,False,1.2229152
1332,False,False,1.0892229
1333,False,False,1.0892229
1334,False,False,1.2020041
1335,False,False,1.1243845
1336,False,False,1.2493482
1337,True,True,3.554262
1338,False,False,1.4527079
1339,False,False,1.2375741
1340,False,True,2.1134229
1341,False,False,1.211557
1342,False,False,1.0892229
1343,False,False,1.371563
1344,False,False,1.2888074
1345,False,False,1.3727958
1346,False,True,1.7778493
1347,False,False,1.1715434
1348,False,False,1.134178
1349,False,True,1.7619416
1350,False,True,2.2959404
1351,False,False,1.2871537
1352,False,False,1.5092853
1353,False,False,1.2242951
1354,False,False,1.2445045
1355,True,False,1.1660945
1356,False,False,1.0631982
1357,False,False,1.001857
1358,False,False,1.463579
1359,False,False,1.1311574
1360,False,False,1.1559093
1361,True,True,14.708502
1362,False,False,1.3375807
1363,False,False,1.1091262
1364,True,True,2.6697917
1365,True,False,1.2986282
1366,False,False,1.2053949
1367,False,False,1.4778023
1368,False,False,1.1904216
1369,False,False,1.1821339
1370,False,False,1.1644883
1371,False,False,1.2053949
1372,False,False,1.533377
1373,True,False,1.1715434
1374,True,True,3.8596466
1375,False,False,1.1332601
1376,False,False,1.2604748
1377,True,False,1.2047031
1378,False,False,1.1821339
1379,False,False,1.158876
1380,False,False,1.1091262
1381,False,False,1.1287874
1382,False,False,1.2510406
1383,False,False,1.533377
1384,False,False,1.2013342
1385,False,False,1.5934905
1386,False,False,1.1780357
1387,False,False,1.0726146
1388,False,False,1.0726146
1389,False,False,1.0726146
1390,True,False,1.1034961
1391,False,False,1.5718335
1392,False,False,1.2670751
1393,False,False,1.134178
1394,True,True,14.771765
1395,False,False,1.1639614
1396,False,False,1.4527079
1397,False,False,1.4632407
1398,False,False,1.1696708
1399,False,False,1.211557
1400,False,False,1.0804309
1401,False,False,1.0699373
1402,False,False,1.1618441
1403,False,False,1.1729785
1404,False,False,1.1904588
1405,False,False,1.0699373
1406,False,False,1.1618441
1407,False,False,1.2375741
1408,False,False,1.1900773
1409,False,False,1.1370718
1410,False,False,1.1639614
1411,False,False,1.1900773
1412,False,False,1.0631982
1413,False,False,1.001857
1414,True,False,1.1639614
1415,False,True,2.1134229
1416,False,False,1.1696708
1417,False,False,1.211557
1418,False,False,1.0892229
1419,False,False,1.0892229
1420,False,False,1.0892229
1421,False,False,1.1475269
1422,True,False,1.2116011
1423,False,False,1.2445045
1424,False,False,1.4040312
1425,False,False,1.2556405
1426,False,False,1.2871537
1427,False,True,1.8934512
1428,False,False,1.1696708
1429,False,False,1.211557
1430,False,False,1.0804309
1431,False,False,1.0699373
1432,False,False,1.0699373
1433,False,False,1.2229152
1434,False,False,1.0892229
1435,True,False,1.0892229
1436,False,False,1.1424705
1437,False,False,1.1904588
1438,False,False,1.0699373
1439,False,False,1.2229152
1440,False,False,1.0892229
1441,False,False,1.0892229
1442,False,False,1.2020041
1443,False,False,1.1243845
1444,True,True,4.7790494
1445,False,True,2.324208
1446,False,False,1.1715434
1447,False,False,1.134178
1448,True,True,2.7791173
1449,False,False,1.2871537
1450,False,False,1.2556405
1451,False,False,1.5431736
1452,True,True,1.7937382
1453,False,False,1.198523
1454,False,False,1.2284926
1455,False,False,1.08954
1456,False,False,1.08954
1457,False,False,1.1949334
1458,False,False,1.1243845
1459,False,False,1.1243845
1460,False,False,1.3456323
1461,False,False,1.08954
1462,False,False,1.08954
1463,False,False,1.1332601
1464,False,False,1.198523
1465,False,False,1.198523
1466,False,False,1.198523
1467,False,False,1.292466
1468,False,False,1.4784082
1469,False,False,1.2284926
1470,False,False,1.08954
1471,False,False,1.08954
1472,False,False,1.1014503
1473,False,False,1.0726146
1474,False,False,1.0726146
1475,False,False,1.1540859
1476,False,False,1.08954
1477,False,False,1.1332601
1478,False,False,1.2604748
1479,False,False,1.1780357
1480,False,False,1.0726146
1481,False,False,1.0726146
1482,True,False,1.0726146
1483,True,True,3.3938823
1484,False,False,1.3375807
1485,False,False,1.1904216
1486,False,False,1.1821339
1487,False,False,1.1091262
1488,False,False,1.1287874
1489,False,False,1.3375807
1490,True,False,1.4536877
1491,False,False,1.4784082
1492,False,False,1.198523
1493,False,False,1.2604748
1494,False,False,1.1435407
1495,False,False,1.2047031
1496,False,False,1.1821339
1497,False,False,1.1904216
1498,False,False,1.1821339
1499,True,True,4.424975
1500,False,False,1.2556405
1501,False,False,1.2871537
1502,False,True,1.7778493
1503,False,False,1.2013342
1504,False,False,1.2670751
1505,False,False,1.2485832
1506,False,False,1.3542539
1507,False,False,1.2047031
1508,False,False,1.1821339
1509,False,False,1.1904216
1510,False,False,1.1821339
1511,False,False,1.1644883
1512,False,False,1.2053949
1513,False,False,1.2053949
1514,False,False,1.533377
1515,False,False,1.134178
1516,False,False,1.2053949
1517,False,False,1.4778023
1518,False,False,1.1904216
1519,False,False,1.1821339
1520,False,False,1.1644883
1521,False,False,1.533377
1522,False,False,1.2013342
1523,True,True,14.364079
1524,False,False,1.1639614
1525,False,False,1.1900773
1526,False,False,1.1639614
1527,False,False,1.1900773
1528,False,False,1.1639614
1529,False,False,1.1900773
1530,False,False,1.1639614
1531,False,False,1.4527079
1532,False,False,1.1729785
1533,False,False,1.1729785
1534,False,False,1.1729785
1535,True,True,1.9815749
1536,False,False,1.2242951
1537,False,False,1.3277909
1538,False,False,1.4984378
1539,False,False,1.4366455
1540,False,False,1.2888074
1541,False,True,1.6134435
1542,False,False,1.198523
1543,False,False,1.292466
1544,False,True,2.0358744
1545,True,False,1.3727958
1546,False,False,1.2556405
1547,False,True,1.626735
1548,False,False,1.2053949
1549,True,True,16.661772
1550,False,False,1.167365
1551,True,False,1.3390937
1552,False,False,1.158876
1553,True,True,3.0057251
1554,True,False,1.0726146
1555,False,False,1.1034961
1556,True,False,1.1435407
1557,False,False,1.2047031
1558,False,False,1.3542539
1559,True,True,1.7444057
1560,False,False,1.2013342
1561,False,False,1.4784082
1562,False,False,1.292466
1563,False,False,1.4784082
1564,False,False,1.2284926
1565,False,False,1.08954
1566,False,False,1.1332601
1567,False,False,1.198523
1568,False,False,1.2675904
1569,False,False,1.0726146
1570,False,False,1.1034961
1571,False,False,1.5718335
1572,True,False,1.2986282
1573,True,True,16.661772
1574,False,False,1.08954
1575,False,False,1.1332601
1576,False,False,1.198523
1577,False,False,1.2284926
1578,False,False,1.08954
1579,False,False,1.08954
1580,True,True,3.1956291
1581,False,False,1.0892229
1582,False,False,1.1475269
1583,False,False,1.4984378
1584,True,False,1.4366455
1585,False,False,1.2683712
1586,True,True,4.7790494
1587,False,False,1.2916318
1588,False,False,1.2916318
1589,False,True,2.4266462
1590,False,False,1.2053949
1591,False,False,1.2053949
1592,False,True,1.7619416
1593,False,False,1.2916318
1594,True,False,1.2916318
1595,False,True,2.7724023
1596,False,False,1.1311574
1597,False,False,1.374679
1598,True,False,1.4696865
1599,False,False,1.2375741
1600,False,False,1.1900773
1601,False,True,1.676493
1602,False,False,1.2445045
1603,False,False,1.2242951
1604,False,False,1.5348893
1605,False,False,1.2871537
1606,False,False,1.4366455
1607,False,True,1.755463
1608,False,False,1.1332601
1609,False,False,1.2284926
1610,False,False,1.1014503
1611,True,True,3.3938823
1612,False,False,1.1287874
1613,False,False,1.2510406
1614,False,False,1.2053949
1615,False,False,1.533377
1616,False,False,1.2485832
1617,False,False,1.1821339
1618,False,False,1.1904216
1619,False,False,1.3904794
1620,False,False,1.2013342
1621,False,False,1.2670751
1622,False,False,1.2013342
1623,False,False,1.2670751
1624,False,False,1.1715434
1625,False,False,1.2272145
1626,False,False,1.1904216
1627,False,False,1.3542539
1628,False,False,1.2047031
1629,False,False,1.1821339
1630,False,False,1.158876
1631,False,False,1.1091262
1632,False,False,1.1287874
1633,False,False,1.1287874
1634,False,True,1.8685048
1635,False,False,1.134178
1636,False,False,1.533377
1637,False,False,1.2485832
1638,False,False,1.3542539
1639,False,False,1.1435407
1640,True,False,1.1435407
1641,False,False,1.1435407
1642,False,False,1.1780357
1643,False,False,1.0726146
1644,False,False,1.0726146
1645,False,False,1.1034961
1646,False,False,1.4001392
1647,False,False,1.198523
1648,False,False,1.198523
1649,False,False,1.2604748
1650,True,False,1.1780357
1651,False,False,1.0726146
1652,False,False,1.0726146
1653,False,False,1.1034961
1654,False,False,1.1780357
1655,False,False,1.1540859
1656,False,False,1.08954
1657,False,False,1.08954
1658,False,False,1.1014503
1659,False,False,1.0726146
1660,True,False,1.0726146
1661,False,False,1.1540859
1662,False,False,1.08954
1663,False,False,1.08954
1664,False,False,1.1014503
1665,False,False,1.1034961
1666,False,False,1.1435407
1667,False,False,1.5718335
1668,False,False,1.2670751
1669,False,False,1.134178
1670,False,False,1.4778023
1671,False,False,1.158876
1672,True,False,1.1904216
1673,False,False,1.3542539
1674,False,False,1.1780357
1675,False,False,1.0726146
1676,False,False,1.0726146
1677,False,False,1.0726146
1678,False,False,1.0726146
1679,True,True,2.624526
1680,False,False,1.2888074
1681,False,False,1.2888074
1682,False,False,1.5977079
1683,False,False,1.1696708
1684,False,False,1.1696708
1685,False,False,1.2318387
1686,False,False,1.1900773
1687,False,False,1.1370718
1688,False,True,1.676493
1689,False,False,1.3277909
1690,True,False,1.211557
1691,False,False,1.371563
1692,False,False,1.3727958
1693,False,False,1.2556405
1694,False,True,1.6336836
1695,False,False,1.2670751
1696,False,False,1.2013342
1697,False,False,1.5520374
1698,False,False,1.2871537
1699,True,False,1.2556405
1700,False,False,1.471139
1701,True,False,1.1559093
1702,False,False,1.1559093
1703,False,False,1.105459
1704,False,False,1.002603
1705,False,False,1.002603
1706,False,False,1.001857
1707,False,False,1.1639614
1708,False,False,1.1900773
1709,False,True,1.676493
1710,False,False,1.2445045
1711,True,False,1.2242951
1712,False,False,1.2445045
1713,True,True,2.5318468
1714,False,False,1.0892229
1715,False,False,1.0804309
1716,False,False,1.0699373
1717,False,False,1.0699373
1718,False,False,1.2229152
1719,False,False,1.1475269
1720,False,False,1.211557
1721,True,False,1.0892229
1722,False,False,1.1475269
1723,False,False,1.211557
1724,False,False,1.0892229
1725,False,False,1.0892229
1726,False,False,1.0892229
1727,False,False,1.1475269
1728,False,False,1.1696708
1729,False,False,1.1696708
1730,False,False,1.4984378
1731,False,False,1.4366455
1732,False,False,1.2683712
1733,False,False,1.3178289
1734,False,False,1.0892229
1735,False,False,1.0892229
1736,False,False,1.0804309
1737,False,False,1.0699373
1738,False,False,1.0699373
1739,False,False,1.4402866
1740,False,False,1.1696708
1741,False,False,1.2116011
1742,True,True,2.3550856
1743,False,False,1.2493482
1744,False,False,1.2888074
1745,False,True,1.6134435
1746,False,False,1.2284926
1747,False,False,1.08954
1748,False,False,1.08954
1749,False,False,1.08954
1750,False,False,1.08954
1751,False,False,1.1014503
1752,True,True,3.3938823
1753,False,False,1.3375807
1754,False,False,1.1904216
1755,True,False,1.1985282
1756,False,False,1.1287874
1757,False,False,1.3375807
1758,False,False,1.1904216
1759,False,False,1.1821339
1760,False,False,1.1644883
1761,False,False,1.533377
1762,False,False,1.134178
1763,False,False,1.2053949
1764,False,False,1.533377
1765,False,False,1.1715434
1766,False,False,1.5473435
1767,False,False,1.4366455
1768,False,False,1.2888074
1769,False,True,1.6134435
1770,False,False,1.198523
1771,False,False,1.198523
1772,False,False,1.3977602
1773,False,False,1.1821339
1774,True,False,1.158876
1775,False,False,1.4536877
1776,False,False,1.2670751
1777,False,False,1.134178
1778,False,False,1.4778023
1779,True,True,1.6765716
1780,False,False,1.1780357
1781,False,False,1.0726146
1782,False,False,1.0726146
1783,False,False,1.1034961
1784,True,True,3.661772
1785,False,False,1.2683712
1786,False,False,1.1243845
1787,False,False,1.3178289
1788,False,False,1.0892229
1789,False,False,1.1475269
1790,False,False,1.211557
1791,True,False,1.3512379
1792,False,False,1.3277909
1793,False,False,1.163637
1794,False,False,1.1904588
1795,False,False,1.1618441
1796,False,False,1.4632407
1797,False,False,1.1696708
1798,False,False,1.1696708
1799,False,False,1.4984378
1800,False,False,1.2556405
1801,True,True,1.9175537
1802,False,True,1.6134435
1803,False,False,1.292466
1804,False,False,1.2670751
1805,False,False,1.2618417
1806,False,True,2.2959404
1807,False,False,1.2495112
1808,False,True,1.689306
1809,False,False,1.3277909
1810,False,False,1.211557
1811,False,False,1.2020041
1812,False,False,1.1243845
1813,False,False,1.1243845
1814,False,False,1.3456323
1815,False,False,1.08954
1816,False,False,1.08954
1817,True,True,4.064856
1818,False,False,1.533377
1819,True,True,3.8596466
1820,False,False,1.3101215
1821,False,False,1.2888074
1822,False,False,1.2888074
1823,False,False,1.2888074
1824,False,False,1.3727958
1825,False,False,1.2556405
1826,False,False,1.471139
1827,False,False,1.1559093
1828,False,False,1.1559093
1829,False,False,1.1559093
1830,False,False,1.374679
1831,False,False,1.1793717
1832,True,False,1.1256431
1833,False,False,1.002603
1834,False,False,1.001857
1835,True,True,14.834168
1836,False,False,1.2053949
1837,False,False,1.2053949
1838,False,False,1.4778023
1839,False,False,1.1904216
1840,False,False,1.1821339
1841,False,False,1.1904216
1842,False,False,1.1821339
1843,False,False,1.1904216
1844,False,True,1.8281279
1845,False,False,1.198523
1846,False,False,1.198523
1847,False,False,1.2604748
1848,True,False,1.1780357
1849,False,False,1.0726146
1850,False,False,1.0726146
1851,False,False,1.0726146
1852,False,False,1.0726146
1853,False,False,1.0726146
1854,True,True,1.7446145
1855,False,False,1.1904216
1856,False,False,1.3542539
1857,False,False,1.2047031
1858,False,False,1.3542539
1859,False,False,1.4001392
1860,False,False,1.292466
1861,False,False,1.4784082
1862,False,False,1.3704854
1863,False,False,1.2493482
1864,False,False,1.2683712
1865,False,False,1.3456323
1866,False,False,1.08954
1867,False,False,1.08954
1868,False,False,1.08954
1869,False,False,1.08954
1870,False,False,1.08954
1871,False,False,1.08954
1872,False,False,1.1332601
1873,False,False,1.198523
1874,False,False,1.3977602
1875,False,False,1.3542539
1876,False,False,1.1780357
1877,False,False,1.1034961
1878,False,False,1.2047031
1879,True,True,1.8284812
1880,True,False,1.1034961
1881,False,False,1.2047031
1882,False,False,1.3542539
1883,False,False,1.1435407
1884,False,False,1.1780357
1885,False,False,1.1034961
1886,False,False,1.2047031
1887,True,False,1.3542539
1888,False,False,1.1780357
1889,True,True,26.637106
1890,False,False,1.0699373
1891,False,False,1.0699373
1892,True,True,28.877249
1893,False,False,1.0726146
1894,False,False,1.0726146
1895,False,False,1.2316835
1896,False,False,1.198523
1897,False,False,1.2284926
1898,False,False,1.1014503
1899,False,False,1.0726146
1900,False,False,1.0726146
1901,False,False,1.1034961
1902,False,False,1.1780357
1903,False,False,1.0726146
1904,False,False,1.0726146
1905,False,False,1.0726146
1906,False,False,1.1034961
1907,False,False,1.5718335
1908,False,False,1.2670751
1909,False,False,1.134178
1910,False,True,1.7619416
1911,False,True,2.2959404
1912,False,False,1.2495112
1913,False,False,1.2871537
1914,False,False,1.2556405
1915,False,False,1.2871537
1916,False,True,1.7778493
1917,False,False,1.134178
1918,True,False,1.533377
1919,False,False,1.5473435
1920,False,False,1.2556405
1921,True,False,1.2495112
1922,True,False,1.2871537
1923,False,False,1.2556405
1924,False,False,1.2871537
1925,False,False,1.4366455
1926,False,False,1.3727958
1927,False,False,1.2556405
1928,False,True,1.6336836
1929,True,False,1.4784082
1930,False,False,1.2284926
1931,False,False,1.3101215
1932,False,False,1.2683712
1933,False,False,1.1243845
1934,False,False,1.4386699
1935,False,False,1.211557
1936,False,False,1.0892229
1937,False,False,1.1475269
1938,False,False,1.2116011
1939,False,False,1.3277909
1940,False,False,1.4187713
1941,False,False,1.2888074
1942,False,False,1.2888074
1943,False,True,1.6134435
1944,False,False,1.198523
1945,False,False,1.2284926
1946,False,False,1.1014503
1947,True,False,1.3052282
1948,False,False,1.3542539
1949,False,False,1.4001392
1950,False,False,1.198523
1951,False,False,1.198523
1952,True,True,4.6795325
1953,False,False,1.2445045
1954,True,False,1.1311574
1955,True,True,17.50963
1956,False,False,1.1904216
1957,False,False,1.3542539
1958,False,False,1.4001392
1959,False,False,1.198523
1960,False,False,1.2284926
1961,False,False,1.167365
1962,False,False,1.2047031
1963,False,False,1.3542539
1964,False,False,1.1435407
1965,False,False,1.1435407
1966,False,False,1.1780357
1967,True,True,1.6952537
1968,False,False,1.4784082
1969,True,True,1.9757833
1970,True,False,1.4778023
1971,True,False,1.1904216
1972,False,False,1.1821339
1973,False,False,1.1904216
1974,False,False,1.3542539
1975,False,False,1.1435407
1976,False,False,1.1435407
1977,False,False,1.1435407
1978,False,False,1.1780357
1979,False,False,1.1034961
1980,False,False,1.2047031
1981,False,False,1.3542539
1982,False,False,1.2047031
1983,False,False,1.1821339
1984,False,False,1.1091262
1985,False,False,1.1287874
1986,False,False,1.3375807
1987,False,False,1.1904216
1988,True,False,1.1821339
1989,False,False,1.158876
1990,True,False,1.1091262
1991,False,False,1.3375807
1992,False,False,1.1904216
1993,False,False,1.3542539
1994,True,True,20.850737
1995,False,False,1.3277909
1996,False,False,1.211557
1997,False,False,1.1424705
1998,False,False,1.2375741
1999,False,False,1.4527079
2000,False,True,1.6432296
2001,False,False,1.3277909
2002,False,False,1.2116011
2003,False,False,1.230938
2004,False,False,1.1639614
2005,False,False,1.1900773
2006,False,False,1.2440171
2007,False,False,1.374679
2008,False,False,1.2242951
2009,False,False,1.2445045
2010,False,False,1.2242951
2011,False,False,1.2445045
2012,True,True,2.1219895
2013,False,False,1.3727958
2014,False,False,1.4366455
2015,True,False,1.5584939
2016,False,False,1.0892229
2017,False,False,1.1475269
2018,False,False,1.2318387
2019,True,True,2.0724738
2020,True,False,1.5085822
2021,False,False,1.1900773
2022,False,False,1.0631982
2023,False,False,1.002603
2024,False,False,1.0050223
2025,False,False,1.1559093
2026,False,False,1.1559093
2027,True,True,18.720667
2028,False,False,1.1243845
2029,False,False,1.1243845
2030,False,False,1.3178289
2031,False,False,1.1475269
2032,False,False,1.1696708
2033,False,False,1.4187713
2034,False,False,1.2683712
2035,False,False,1.1243845
2036,False,False,1.3178289
2037,False,False,1.0892229
2038,False,False,1.1475269
2039,False,False,1.2116011
2040,False,False,1.2445045
2041,False,False,1.2242951
2042,False,False,1.230938
2043,False,False,1.1639614
2044,False,False,1.1900773
2045,False,False,1.463579
2046,False,False,1.1793717
2047,False,False,1.2242951
2048,False,False,1.5348893
2049,False,False,1.2351713
2050,False,False,1.2916318
2051,False,True,2.7724023
2052,False,False,1.1311574
2053,True,False,1.1559093
2054,False,True,1.6382171
2055,True,True,18.822292
2056,True,False,1.1243845
2057,False,False,1.3178289
2058,False,False,1.0892229
2059,False,False,1.1475269
2060,False,False,1.4187713
2061,False,False,1.2888074
2062,False,False,1.3727958
2063,False,False,1.5092853
2064,False,False,1.2242951
2065,False,False,1.3277909
2066,False,False,1.163637
2067,False,False,1.2375741
2068,False,False,1.4527079
2069,False,False,1.1904588
2070,False,False,1.0699373
2071,False,False,1.0699373
2072,False,False,1.2229152
2073,False,False,1.0892229
2074,False,False,1.0892229
2075,False,False,1.2020041
2076,True,True,2.4133234
2077,False,False,1.2495112
2078,False,True,1.689306
2079,False,False,1.2445045
2080,True,False,1.1793717
2081,False,False,1.2242951
2082,False,False,1.3277909
2083,False,False,1.211557
2084,False,False,1.0892229
2085,False,False,1.0892229
2086,False,False,1.0892229
2087,False,False,1.0892229
2088,False,False,1.0892229
2089,False,False,1.1475269
2090,False,False,1.4984378
2091,True,False,1.5441058
2092,False,False,1.2916318
2093,False,True,2.324208
2094,False,False,1.134178
2095,False,False,1.533377
2096,False,False,1.134178
2097,False,False,1.533377
2098,False,False,1.2013342
2099,False,False,1.5934905
2100,False,False,1.2047031
2101,False,False,1.1821339
2102,False,False,1.1644883
2103,False,False,1.533377
2104,False,False,1.2013342
2105,False,True,2.0358744
2106,False,False,1.2888074
2107,True,False,1.2683712
2108,False,False,1.4386699
2109,False,False,1.2116011
2110,False,False,1.3277909
2111,False,False,1.4159166
2112,True,False,1.2493482
2113,False,False,1.2888074
2114,False,False,1.5977079
2115,False,False,1.1696708
2116,False,False,1.1696708
2117,False,False,1.4159166
2118,False,False,1.1243845
2119,False,False,1.1243845
2120,False,False,1.3456323
2121,False,False,1.08954
2122,False,False,1.08954
2123,True,False,1.1332601
2124,False,False,1.198523
2125,False,False,1.2284926
2126,False,False,1.1014503
2127,False,False,1.0726146
2128,False,False,1.0726146
2129,False,False,1.0726146
2130,False,False,1.1034961
2131,False,False,1.2047031
2132,False,False,1.3904794
2133,False,False,1.1715434
2134,True,False,1.1715434
2135,False,False,1.2272145
2136,False,False,1.1904216
2137,False,False,1.1821339
2138,False,False,1.1644883
2139,False,False,1.533377
2140,True,True,3.8596466
2141,False,False,1.08954
2142,True,True,4.064856
2143,False,False,1.533377
2144,False,False,1.2272145
2145,False,False,1.1091262
2146,False,False,1.1287874
2147,True,True,13.951079
2148,False,False,1.374679
2149,False,False,1.2242951
2150,False,False,1.5348893
2151,False,False,1.2495112
2152,False,False,1.2871537
2153,False,True,1.7778493
2154,False,False,1.1715434
2155,False,False,1.2013342
2156,True,False,1.5520374
2157,False,False,1.2495112
2158,False,False,1.2871537
2159,False,False,1.5092853
2160,False,False,1.2242951
2161,False,False,1.2445045
2162,False,False,1.1793717
2163,True,False,1.1793717
2164,False,False,1.1793717
2165,True,False,1.566316
2166,False,False,1.211557
2167,False,False,1.0892229
2168,False,False,1.0892229
2169,False,False,1.0892229
2170,False,False,1.1475269
2171,True,False,1.2318387
2172,False,False,1.1900773
2173,False,False,1.1639614
2174,False,True,1.6480455
2175,False,False,1.2242951
2176,False,False,1.2445045
2177,False,False,1.1829852
2178,False,False,1.4527079
2179,False,False,1.1904588
2180,False,False,1.2229152
2181,False,False,1.0892229
2182,False,False,1.1475269
2183,False,False,1.4159166
2184,False,False,1.2493482
2185,False,False,1.3727958
2186,False,False,1.5092853
2187,False,False,1.1793717
2188,False,False,1.2242951
2189,False,False,1.3456901
2190,False,False,1.1904588
2191,False,False,1.1618441
2192,True,False,1.4754119
2193,False,False,1.0892229
2194,False,False,1.0892229
2195,True,False,1.0804309
2196,False,False,1.0699373
2197,False,False,1.0699373
2198,False,False,1.4402866
2199,False,False,1.1696708
2200,False,False,1.2116011
2201,False,False,1.2445045
2202,False,False,1.1793717
2203,False,False,1.2242951
2204,True,True,5.2329116
2205,False,False,1.134178
2206,False,False,1.533377
2207,False,False,1.134178
2208,False,False,1.2053949
2209,False,False,1.2053949
2210,False,False,1.533377
2211,False,False,1.2013342
2212,False,False,1.2670751
2213,False,False,1.2485832
2214,False,False,1.3542539
2215,False,False,1.2047031
2216,True,True,27.752829
2217,False,False,1.1639614
2218,True,True,2.0724738
2219,False,False,1.2229152
2220,False,False,1.1475269
2221,False,False,1.1696708
2222,False,False,1.194592
2223,False,False,1.0699373
2224,False,False,1.1618441
2225,False,False,1.1729785
2226,False,False,1.1729785
2227,False,False,1.2375741
2228,False,False,1.1900773
2229,False,False,1.0631982
2230,False,False,1.002603
2231,False,False,1.0050223
2232,False,False,1.1559093
2233,False,False,1.374679
2234,False,False,1.1829852
2235,False,False,1.4527079
2236,False,False,1.1729785
2237,False,False,1.1729785
2238,False,False,1.2375741
2239,False,False,1.4527079
2240,False,True,1.6432296
2241,False,False,1.3277909
2242,False,False,1.2116011
2243,False,False,1.230938
2244,False,False,1.1639614
2245,False,False,1.4527079
2246,False,True,1.6432296
2247,False,False,1.3277909
2248,False,False,1.2116011
2249,False,True,1.8481215
2250,False,False,1.3727958
2251,True,False,1.2556405
2252,False,False,1.2871537
2253,False,False,1.2556405
2254,False,False,1.2351713
2255,False,True,2.307658
2256,False,False,1.1559093
2257,False,False,1.374679
2258,False,False,1.1793717
2259,False,False,1.2242951
2260,False,False,1.2445045
2261,False,False,1.4040312
2262,False,False,1.2556405
2263,False,False,1.2871537
2264,False,True,1.7778493
2265,False,False,1.2013342
2266,False,False,1.2670751
2267,False,False,1.2485832
2268,False,False,1.3542539
2269,False,False,1.1435407
2270,False,False,1.4001392
2271,False,False,1.292466
2272,False,False,1.2670751
2273,True,False,1.2013342
2274,False,False,1.2670751
2275,False,False,1.2013342
2276,False,False,1.5934905
2277,False,False,1.2047031
2278,False,False,1.1821339
2279,True,True,4.424975
2280,False,False,1.2556405
2281,False,False,1.2871537
2282,False,False,1.5092853
2283,False,False,1.2242951
2284,False,False,1.2445045
2285,True,False,1.2242951
2286,False,False,1.3277909
2287,False,False,1.1696708
2288,False,False,1.163637
2289,False,False,1.2375741
2290,True,True,2.0724738
2291,True,True,6.9413424
2292,False,False,1.1559093
2293,False,False,1.1559093
2294,False,True,1.6382171
2295,False,True,2.2959404
2296,False,False,1.2351713
2297,False,True,2.307658
2298,True,True,3.9198558
2299,False,False,1.1696708
2300,False,False,1.194592
2301,False,False,1.0699373
2302,True,False,1.1618441
2303,False,False,1.4754119
2304,False,False,1.0892229
2305,False,False,1.0892229
2306,False,False,1.1475269
2307,False,False,1.2116011
2308,True,False,1.2445045
2309,False,False,1.1829852
2310,False,False,1.4527079
2311,False,False,1.1729785
2312,False,False,1.4632407
2313,False,False,1.1696708
2314,False,False,1.1696708
2315,False,False,1.2318387
2316,False,False,1.1900773
2317,True,True,1.6172053
2318,True,True,34.14877
2319,False,False,1.1821339
2320,False,False,1.1904216
2321,False,True,1.8281279
2322,False,False,1.292466
2323,True,False,1.2670751
2324,False,False,1.5473435
2325,False,False,1.2556405
2326,False,False,1.2495112
2327,True,False,1.4620707
2328,False,False,1.1793717
2329,False,False,1.1793717
2330,False,False,1.1829852
2331,False,False,1.1900773
2332,False,False,1.0631982
2333,False,False,1.0041608
2334,False,False,1.2242951
2335,False,False,1.3277909
2336,True,True,18.361374
2337,False,False,1.0726146
2338,True,False,1.0726146
2339,False,False,1.0726146
2340,False,False,1.1034961
2341,False,False,1.1780357
2342,True,False,1.2316835
2343,False,False,1.292466
2344,False,False,1.4784082
2345,True,False,1.2604748
2346,False,False,1.2047031
2347,False,False,1.1821339
2348,True,True,18.645
2349,False,False,1.3277909
2350,False,False,1.2116011
2351,False,False,1.5348893
2352,True,False,1.2871537
2353,False,False,1.4366455
2354,False,False,1.2888074
2355,False,False,1.2888074
2356,False,False,1.2888074
2357,False,False,1.2888074
2358,True,True,1.6324178
2359,False,False,1.2871537
2360,False,False,1.5092853
2361,False,False,1.2242951
2362,False,False,1.2445045
2363,True,True,4.4011703
2364,False,False,1.2053949
2365,False,False,1.533377
2366,False,False,1.5473435
2367,False,False,1.4366455
2368,False,False,1.2888074
2369,False,True,1.755463
2370,False,False,1.1332601
2371,False,False,1.292466
2372,False,False,1.2670751
2373,True,True,3.8596466
2374,False,False,1.08954
2375,False,False,1.1014503
2376,False,False,1.0726146
2377,False,False,1.0726146
2378,True,True,2.0682135
2379,False,False,1.1243845
2380,False,False,1.1243845
2381,False,False,1.2493482
2382,False,False,1.2683712
2383,False,False,1.2493482
2384,True,True,1.8026799
2385,False,False,1.2445045
2386,False,False,1.1311574
2387,True,True,7.207909
2388,True,False,1.2053949
2389,True,True,6.8299537
2390,False,False,1.2675904
2391,False,False,1.0726146
2392,True,False,1.0726146
2393,False,False,1.0726146
2394,False,False,1.0726146
2395,False,False,1.0726146
2396,False,False,1.0726146
2397,False,False,1.0726146
2398,False,False,1.0726146
2399,False,False,1.1540859
2400,False,False,1.08954
2401,False,False,1.08954
2402,True,True,4.1312413
2403,True,False,1.1287874
2404,False,False,1.3375807
2405,False,False,1.1904216
2406,False,False,1.1821339
2407,False,False,1.1904216
2408,False,False,1.1821339
2409,False,False,1.1904216
2410,False,False,1.1821339
2411,False,False,1.1091262
2412,False,False,1.1287874
2413,False,False,1.1287874
2414,False,False,1.3375807
2415,False,False,1.1904216
2416,False,False,1.1821339
2417,False,False,1.1904216
2418,False,False,1.1821339
2419,False,False,1.158876
2420,False,False,1.1904216
2421,False,False,1.3542539
2422,False,False,1.1780357
2423,False,False,1.1540859
2424,False,False,1.1332601
2425,False,False,1.292466
2426,True,True,1.651149
2427,False,False,1.2556405
2428,False,False,1.2871537
2429,False,True,1.7778493
2430,False,False,1.1715434
2431,False,False,1.2013342
2432,False,False,1.2670751
2433,False,False,1.134178
2434,False,False,1.533377
2435,False,False,1.5473435
2436,False,False,1.4366455
2437,False,False,1.3727958
2438,False,True,2.0000446
2439,False,False,1.198523
2440,False,False,1.198523
2441,False,False,1.5601076
2442,False,False,1.2556405
2443,False,False,1.2871537
2444,False,False,1.2556405
2445,False,False,1.2871537
2446,False,False,1.2556405
2447,False,True,1.626735
2448,False,False,1.533377
2449,False,False,1.2013342
2450,False,False,1.2670751
2451,False,False,1.2013342
2452,False,False,1.2670751
2453,False,False,1.1715434
2454,True,True,1.7937382
2455,False,False,1.2284926
2456,True,True,4.983761
2457,False,True,2.2959404
2458,False,False,1.2495112
2459,False,False,1.5431736
2460,True,False,1.2013342
2461,False,False,1.2670751
2462,False,False,1.2013342
2463,False,False,1.2670751
2464,False,False,1.2013342
2465,False,False,1.3376515
2466,False,False,1.158876
2467,False,False,1.1904216
2468,False,False,1.3542539
2469,False,False,1.1780357
2470,False,False,1.1034961
2471,False,False,1.5718335
2472,False,False,1.2670751
2473,False,False,1.134178
2474,False,True,2.7791173
2475,False,False,1.2495112
2476,False,False,1.2351713
2477,False,True,2.324208
2478,False,False,1.2013342
2479,True,False,1.2670751
2480,False,False,1.2272145
2481,False,False,1.158876
2482,True,True,1.6765716
2483,False,False,1.1435407
2484,False,False,1.2047031
2485,False,False,1.3542539
2486,False,False,1.2047031
2487,False,False,1.1821339
2488,False,False,1.1091262
2489,False,False,1.3375807
2490,False,False,1.1904216
2491,False,False,1.3542539
2492,False,False,1.4001392
2493,False,False,1.198523
2494,False,False,1.198523
2495,False,False,1.2604748
2496,True,False,1.3390937
2497,False,False,1.1091262
2498,False,False,1.1287874
2499,False,False,1.3375807
2500,False,False,1.1904216
2501,False,False,1.3542539
2502,False,False,1.2047031
2503,False,False,1.3542539
2504,False,False,1.1780357
2505,False,False,1.0726146
2506,False,False,1.0726146
2507,False,False,1.1540859
2508,False,False,1.08954
2509,False,False,1.08954
2510,False,False,1.08954
2511,True,False,1.08954
2512,False,False,1.08954
2513,False,False,1.08954
2514,False,False,1.08954
2515,True,False,1.08954
2516,False,False,1.1332601
2517,False,False,1.198523
2518,True,False,1.198523
2519,False,False,1.3754079
2520,False,False,1.2888074
2521,False,False,1.3727958
2522,False,True,1.7778493
2523,False,False,1.134178
2524,False,False,1.2053949
2525,True,True,2.7791173
2526,False,False,1.2351713
2527,False,False,1.2916318
2528,False,True,2.4266462
2529,False,False,1.533377
2530,False,False,1.1715434
2531,False,False,1.5473435
2532,False,False,1.4366455
2533,False,False,1.3727958
2534,False,False,1.2556405
2535,False,False,1.2871537
2536,False,False,1.4366455
2537,False,False,1.2683712
2538,False,False,1.2493482
2539,False,False,1.2888074
2540,True,True,1.883656
2541,False,False,1.2670751
2542,False,False,1.2013342
2543,False,False,1.5520374
2544,False,False,1.2871537
2545,False,False,1.2556405
2546,False,True,1.626735
2547,False,False,1.2053949
2548,False,False,1.2053949
2549,False,False,1.4778023
2550,False,False,1.1091262
2551,False,False,1.1287874
2552,True,True,7.0579276
2553,False,False,1.198523
2554,False,False,1.292466
2555,False,False,1.5934905
2556,False,False,1.1780357
2557,False,False,1.0726146
2558,False,False,1.1540859
2559,False,False,1.08954
2560,True,False,1.08954
2561,False,False,1.08954
2562,False,False,1.08954
2563,False,False,1.08954
2564,False,False,1.1332601
2565,False,False,1.292466
2566,False,False,1.2670751
2567,False,False,1.2013342
2568,False,False,1.2670751
2569,False,False,1.2013342
2570,False,False,1.3376515
2571,False,False,1.158876
2572,False,False,1.1091262
2573,False,True,1.8685048
2574,False,False,1.134178
2575,False,False,1.2053949
2576,False,False,1.533377
2577,False,False,1.134178
2578,False,False,1.533377
2579,False,False,1.2272145
2580,False,False,1.1904216
2581,False,False,1.3542539
2582,False,False,1.5718335
2583,False,False,1.2670751
2584,False,False,1.2013342
2585,False,False,1.3376515
2586,False,False,1.1904216
2587,False,False,1.1821339
2588,False,False,1.158876
2589,False,False,1.158876
2590,False,False,1.1904216
2591,True,False,1.1821339
2592,False,False,1.158876
2593,False,False,1.1904216
2594,False,False,1.3904794
2595,False,False,1.2013342
2596,False,False,1.4784082
2597,False,False,1.198523
2598,False,False,1.198523
2599,False,False,1.198523
2600,True,True,1.6047585
2601,False,False,1.158876
2602,True,True,1.6765716
2603,False,False,1.3939601
2604,False,False,1.08954
2605,False,False,1.08954
2606,False,False,1.1949334
2607,False,False,1.1243845
2608,False,False,1.1243845
2609,False,False,1.3456323
2610,False,False,1.1332601
2611,False,False,1.292466
2612,False,True,2.0358744
2613,True,False,1.2683712
2614,False,False,1.1243845
2615,False,False,1.3178289
2616,False,False,1.0892229
2617,False,False,1.0892229
2618,False,False,1.2020041
2619,False,False,1.2493482
2620,False,False,1.2888074
2621,False,False,1.2888074
2622,False,False,1.2888074
2623,False,False,1.2888074
2624,False,True,1.6134435
2625,False,False,1.2284926
2626,False,False,1.1332601
2627,False,False,1.2675904
2628,False,False,1.0726146
2629,False,False,1.1034961
2630,False,False,1.1780357
2631,True,False,1.0726146
2632,False,False,1.0726146
2633,False,False,1.0726146
2634,False,False,1.0726146
2635,False,False,1.0726146
2636,False,False,1.1540859
2637,False,False,1.08954
2638,True,False,1.5079873
2639,False,False,1.4784082
2640,False,False,1.198523
2641,False,False,1.2284926
2642,True,False,1.08954
2643,False,False,1.08954
2644,False,False,1.08954
2645,False,False,1.167365
2646,False,False,1.1780357
2647,False,False,1.0726146
2648,False,False,1.0726146
2649,False,False,1.1034961
2650,False,False,1.2047031
2651,True,True,27.752829
2652,False,False,1.1639614
2653,False,False,1.4527079
2654,True,True,4.0908546
2655,False,False,1.1243845
2656,False,False,1.2493482
2657,True,True,1.6134435
2658,False,False,1.292466
2659,False,False,1.2670751
2660,False,False,1.2272145
2661,False,False,1.158876
2662,False,False,1.1904216
2663,False,True,1.8281279
2664,False,False,1.198523
2665,False,False,1.198523
2666,False,False,1.3704854
2667,False,False,1.1243845
2668,False,False,1.2493482
2669,False,False,1.3727958
2670,False,False,1.2556405
2671,False,False,1.2871537
2672,False,True,1.7778493
2673,False,False,1.1715434
2674,False,False,1.1715434
2675,True,False,1.1715434
2676,False,False,1.134178
2677,False,False,1.533377
2678,False,False,1.5473435
2679,False,False,1.2556405
2680,False,False,1.2495112
2681,False,True,1.6336836
2682,False,False,1.2670751
2683,False,False,1.1715434
2684,False,False,1.5473435
2685,False,False,1.4366455
2686,False,False,1.3727958
2687,False,True,1.8934512
2688,True,False,1.2116011
2689,False,False,1.3277909
2690,False,False,1.4984378
2691,False,False,1.2556405
2692,False,False,1.2495112
2693,True,True,1.6336836
2694,False,False,1.4784082
2695,False,False,1.198523
2696,False,False,1.198523
2697,False,False,1.2284926
2698,False,False,1.08954
2699,False,False,1.1332601
2700,False,False,1.2284926
2701,False,False,1.1332601
2702,False,False,1.3977602
2703,False,False,1.1821339
2704,False,False,1.1091262
2705,False,True,1.8685048
2706,False,False,1.2013342
2707,False,False,1.2670751
2708,False,False,1.2013342
2709,False,False,1.2670751
2710,False,False,1.134178
2711,False,True,2.7791173
2712,False,False,1.2495112
2713,True,False,1.2871537
2714,False,False,1.2556405
2715,False,False,1.2871537
2716,False,False,1.2556405
2717,False,False,1.2495112
2718,False,False,1.2495112
2719,False,False,1.2871537
2720,False,False,1.2556405
2721,True,False,1.2871537
2722,True,True,1.8862518
2723,False,False,1.3178289
2724,False,False,1.1475269
2725,False,False,1.211557
2726,False,False,1.2020041
2727,False,False,1.2493482
2728,False,False,1.2683712
2729,False,False,1.4386699
2730,False,False,1.2116011
2731,True,False,1.3277909
2732,False,False,1.2318387
2733,False,False,1.1900773
2734,False,False,1.1370718
2735,False,True,1.676493
2736,False,False,1.2445045
2737,False,False,1.1311574
2738,False,False,1.1559093
2739,True,True,10.519841
2740,False,False,1.0892229
2741,True,False,1.371563
2742,True,False,1.2683712
2743,False,False,1.1243845
2744,True,True,2.3402503
2745,True,True,2.490221
2746,False,False,1.08954
2747,False,False,1.08954
2748,False,False,1.08954
2749,False,False,1.08954
2750,False,False,1.3101215
2751,False,False,1.2683712
2752,False,False,1.1243845
2753,True,True,2.1290946
2754,False,False,1.3277909
2755,False,False,1.1696708
2756,False,False,1.2318387
2757,False,False,1.1900773
2758,False,False,1.1639614
2759,False,True,2.1134229
2760,True,False,1.211557
2761,False,False,1.0892229
2762,False,False,1.0892229
2763,False,False,1.0892229
2764,True,False,1.1475269
2765,False,False,1.4159166
2766,False,False,1.1243845
2767,False,False,1.1243845
2768,True,True,3.7409716
2769,False,False,1.2013342
2770,False,False,1.2670751
2771,False,False,1.3763026
2772,False,False,1.2495112
2773,False,False,1.2351713
2774,False,True,2.2959404
2775,False,False,1.2351713
2776,False,True,2.2959404
2777,False,False,1.471139
2778,False,False,1.374679
2779,False,False,1.1793717
2780,False,False,1.1829852
2781,False,False,1.1900773
2782,False,False,1.1639614
2783,False,False,1.1900773
2784,False,False,1.0631982
2785,False,False,1.001857
2786,False,False,1.2440171
2787,False,False,1.1559093
2788,False,False,1.374679
2789,False,False,1.2242951
2790,False,False,1.3277909
2791,False,False,1.2116011
2792,False,False,1.3277909
2793,False,False,1.1696708
2794,False,False,1.1696708
2795,False,False,1.163637
2796,False,False,1.1729785
2797,False,False,1.2375741
2798,False,True,2.1134229
2799,False,False,1.1696708
2800,False,False,1.1696708
2801,False,False,1.211557
2802,False,False,1.0892229
2803,False,False,1.1475269
2804,False,False,1.163637
2805,False,False,1.1729785
2806,False,False,1.2375741
2807,False,True,1.6480455
2808,False,False,1.1793717
2809,False,False,1.2242951
2810,False,False,1.230938
2811,True,False,1.1370718
2812,False,False,1.1370718
2813,False,True,1.676493
2814,False,False,1.2445045
2815,False,False,1.2242951
2816,False,False,1.2445045
2817,False,False,1.2242951
2818,False,False,1.2445045
2819,False,False,1.4040312
2820,False,False,1.2556405
2821,False,False,1.2495112
2822,False,True,1.6336836
2823,False,False,1.2670751
2824,False,False,1.134178
2825,False,True,2.7791173
2826,True,True,1.9175537
2827,False,False,1.3727958
2828,True,True,4.160686
2829,False,False,1.1904216
2830,False,False,1.1821339
2831,True,True,34.628174
2832,False,False,1.4527079
2833,False,False,1.1729785
2834,False,False,1.4632407
2835,False,False,1.2116011
2836,False,False,1.3277909
2837,False,False,1.194592
2838,False,False,1.0699373
2839,False,False,1.0699373
2840,False,False,1.2229152
2841,False,False,1.0892229
2842,False,False,1.0892229
2843,False,False,1.0804309
2844,False,False,1.0699373
2845,False,False,1.0699373
2846,True,False,1.0699373
2847,False,False,1.1618441
2848,False,False,1.1729785
2849,False,False,1.4632407
2850,False,False,1.1696708
2851,False,False,1.1696708
2852,True,False,1.2116011
2853,False,False,1.3277909
2854,False,False,1.1696708
2855,False,False,1.1696708
2856,False,False,1.1696708
2857,False,False,1.2116011
2858,False,False,1.3277909
2859,False,False,1.1696708
2860,True,True,1.7825869
2861,False,False,1.105459
2862,False,False,1.002603
2863,False,False,1.002603
2864,False,False,1.0041608
2865,False,False,1.2242951
2866,False,False,1.2445045
2867,False,False,1.1829852
2868,False,False,1.4527079
2869,False,False,1.1729785
2870,False,False,1.1729785
2871,False,False,1.2375741
2872,False,False,1.4527079
2873,False,False,1.4632407
2874,False,False,1.2116011
2875,False,False,1.3277909
2876,False,False,1.4187713
2877,False,False,1.2683712
2878,True,True,4.7790494
2879,True,True,2.7724023
2880,False,False,1.2242951
2881,False,False,1.3277909
2882,False,False,1.4187713
2883,False,False,1.2888074
2884,False,False,1.3727958
2885,True,True,1.6003377
2886,False,False,1.3277909
2887,False,False,1.2116011
2888,False,True,1.8481215
2889,True,False,1.2888074
2890,False,False,1.2888074
2891,False,False,1.5584939
2892,False,False,1.0892229
2893,False,False,1.1475269
2894,False,False,1.2116011
2895,False,False,1.3277909
2896,False,False,1.1696708
2897,False,False,1.211557
2898,False,False,1.1475269
2899,False,False,1.1696708
2900,False,False,1.4187713
2901,False,False,1.2683712
2902,False,False,1.1243845
2903,True,True,2.3416688
2904,False,False,1.1034961
2905,False,False,1.1435407
2906,False,False,1.1435407
2907,False,False,1.2047031
2908,False,False,1.3542539
2909,True,True,15.949536
2910,False,False,1.1475269
2911,False,False,1.1696708
2912,False,False,1.211557
2913,False,False,1.0892229
2914,True,True,3.7813792
2915,False,False,1.374679
2916,False,False,1.2242951
2917,False,False,1.3277909
2918,False,False,1.163637
2919,True,False,1.4179304
2920,False,False,1.1639614
2921,True,False,1.2159165
2922,False,False,1.1900773
2923,False,False,1.0631982
2924,True,False,1.0305551
2925,False,False,1.0892229
2926,False,False,1.0892229
2927,False,False,1.2020041
2928,False,False,1.1243845
2929,False,False,1.1243845
2930,False,False,1.3456323
2931,False,False,1.08954
2932,False,False,1.08954
2933,False,False,1.1014503
2934,False,False,1.0726146
2935,False,False,1.0726146
2936,False,False,1.0726146
2937,False,False,1.0726146
2938,True,False,1.0726146
2939,False,False,1.0726146
2940,False,False,1.0726146
2941,False,False,1.0726146
2942,False,False,1.1540859
2943,False,False,1.08954
2944,False,False,1.08954
2945,False,False,1.1949334
2946,False,False,1.2493482
2947,False,False,1.2888074
2948,False,False,1.3727958
2949,False,False,1.2556405
2950,False,False,1.2495112
2951,False,True,1.6336836
2952,False,False,1.2670751
2953,False,False,1.1715434
2954,False,False,1.2272145
2955,False,False,1.1904216
2956,False,False,1.1821339
2957,False,False,1.4536877
2958,False,False,1.2670751
2959,False,False,1.134178
2960,True,True,14.771765
2961,False,False,1.1370718
2962,False,False,1.0631982
2963,True,False,1.0050223
2964,False,False,1.374679
2965,True,False,1.1311574
2966,False,False,1.1559093
2967,True,True,1.9270248
2968,False,False,1.2445045
2969,False,False,1.1660945
2970,False,False,1.1639614
2971,False,False,1.1900773
2972,False,True,1.676493
2973,False,False,1.3277909
2974,False,False,1.1696708
2975,False,False,1.163637
2976,False,False,1.1904588
2977,False,False,1.0699373
2978,False,False,1.4402866
2979,False,False,1.2116011
2980,False,False,1.3277909
2981,False,False,1.163637
2982,False,False,1.1729785
2983,False,False,1.1729785
2984,False,False,1.4632407
2985,False,False,1.1696708
2986,False,False,1.2116011
2987,False,False,1.2445045
2988,False,False,1.1311574
2989,False,False,1.1559093
2990,False,False,1.374679
2991,False,False,1.1311574
2992,False,False,1.374679
2993,False,False,1.4040312
2994,False,False,1.2556405
2995,False,False,1.2871537
2996,False,True,1.7778492
2997,False,False,1.2013342
2998,False,False,1.2670751
